('ACTR3B', 'ACTR3B', 0.11648189911965408)
('ACTR3B', 'ANLN', -0.06996456146478795)
('ACTR3B', 'BAG1', 0.019182424961040487)
('ACTR3B', 'BCL2', -0.14522756643251608)
('ACTR3B', 'BIRC5', 0.006069488143595346)
('ACTR3B', 'BLVRA', -0.028248436086133363)
('ACTR3B', 'CCNB1', -0.2555855749173549)
('ACTR3B', 'CCNE1', 0.24846008804071304)
('ACTR3B', 'CDC20', 0.06776803518904935)
('ACTR3B', 'CDH3', 0.34081475705592623)
('ACTR3B', 'CENPF', 0.0007781658222170688)
('ACTR3B', 'CEP55', 0.04753380076973961)
('ACTR3B', 'CXXC5', -0.3259035795244621)
('ACTR3B', 'EGFR', 0.3898063687985391)
('ACTR3B', 'ERBB2', -0.1862312163114527)
('ACTR3B', 'ESR1', -0.29907377355238024)
('ACTR3B', 'EXO1', -0.03303195521672357)
('ACTR3B', 'FGFR4', 0.009210299303227233)
('ACTR3B', 'FOXA1', -0.28942868493779556)
('ACTR3B', 'FOXC1', 0.3169700214179005)
('ACTR3B', 'GRB7', -0.11745954135829058)
('ACTR3B', 'KIF2C', 0.0006929866854195678)
('ACTR3B', 'KRT14', nan)
('ACTR3B', 'KRT17', 0.26209797681763064)
('ACTR3B', 'KRT5', nan)
('ACTR3B', 'MAPT', -0.2663738936217438)
('ACTR3B', 'MELK', 0.10421640840869588)
('ACTR3B', 'MKI67', 0.013713152878026198)
('ACTR3B', 'MLPH', -0.26448918053818216)
('ACTR3B', 'MMP11', -0.10511133611706823)
('ACTR3B', 'MYC', 0.0978557758636267)
('ACTR3B', 'NAT1', -0.2460323620239772)
('ACTR3B', 'NDC80', 0.038623134593110967)
('ACTR3B', 'NUF2', -0.03880895086339963)
('ACTR3B', 'PGR', -0.2928192812907851)
('ACTR3B', 'PHGDH', 0.0353066970366193)
('ACTR3B', 'RRM2', -0.06559865439677473)
('ACTR3B', 'SFRP1', 0.38945784589220506)
('ACTR3B', 'SLC39A6', -0.305958204144793)
('ACTR3B', 'TYMS', 0.08402441514713534)
('ACTR3B', 'UBE2C', -0.006784891898168051)
('ACTR3B', 'UBE2T', -0.08694947646249714)
('ANLN', 'ACTR3B', 0.2737614765691519)
('ANLN', 'ANLN', 0.6656743348628603)
('ANLN', 'BAG1', -0.06632405400239703)
('ANLN', 'BCL2', -0.338424921989438)
('ANLN', 'BIRC5', 0.5281771871352925)
('ANLN', 'BLVRA', -0.20323932873307873)
('ANLN', 'CCNB1', 0.45191446696744786)
('ANLN', 'CCNE1', 0.6043698218888154)
('ANLN', 'CDC20', 0.5820181166277346)
('ANLN', 'CDH3', 0.44614926453892156)
('ANLN', 'CENPF', 0.5556181859134639)
('ANLN', 'CEP55', 0.6006534627734693)
('ANLN', 'CXXC5', -0.37917690406446963)
('ANLN', 'EGFR', 0.24953486815409814)
('ANLN', 'ERBB2', -0.17057802752094858)
('ANLN', 'ESR1', -0.3288593792457076)
('ANLN', 'EXO1', 0.5335080860156327)
('ANLN', 'FGFR4', -0.04066297937271328)
('ANLN', 'FOXA1', -0.4490430188438291)
('ANLN', 'FOXC1', 0.40422785763841085)
('ANLN', 'GRB7', -0.04389606740789149)
('ANLN', 'KIF2C', 0.6096342653370596)
('ANLN', 'KRT14', nan)
('ANLN', 'KRT17', 0.3434536320360671)
('ANLN', 'KRT5', nan)
('ANLN', 'MAPT', -0.35521150724691203)
('ANLN', 'MELK', 0.6107822670595943)
('ANLN', 'MKI67', 0.49127903504868753)
('ANLN', 'MLPH', -0.379515594088108)
('ANLN', 'MMP11', -0.05367301944122385)
('ANLN', 'MYC', 0.2811265792835539)
('ANLN', 'NAT1', -0.25062428930668407)
('ANLN', 'NDC80', 0.6785628826523372)
('ANLN', 'NUF2', 0.4952073177100704)
('ANLN', 'PGR', -0.3180158977423312)
('ANLN', 'PHGDH', 0.46305437247442305)
('ANLN', 'RRM2', 0.390513062533019)
('ANLN', 'SFRP1', 0.2253270766274885)
('ANLN', 'SLC39A6', -0.18059400108042675)
('ANLN', 'TYMS', 0.5280773451915848)
('ANLN', 'UBE2C', 0.570691206960567)
('ANLN', 'UBE2T', 0.520550455434308)
('BAG1', 'ACTR3B', -0.15675314769288595)
('BAG1', 'ANLN', -0.3085257708770604)
('BAG1', 'BAG1', 0.8278532780500364)
('BAG1', 'BCL2', 0.30805838326540097)
('BAG1', 'BIRC5', -0.32187233588105685)
('BAG1', 'BLVRA', 0.22622811166421056)
('BAG1', 'CCNB1', -0.17541670127935602)
('BAG1', 'CCNE1', -0.3601045168046196)
('BAG1', 'CDC20', -0.35639407614679547)
('BAG1', 'CDH3', -0.25067070200570063)
('BAG1', 'CENPF', -0.20918056836718477)
('BAG1', 'CEP55', -0.2997619106648382)
('BAG1', 'CXXC5', 0.21457692522316316)
('BAG1', 'EGFR', -0.18035365003920728)
('BAG1', 'ERBB2', -0.028605873510949016)
('BAG1', 'ESR1', 0.32935149564828525)
('BAG1', 'EXO1', -0.39823635338946606)
('BAG1', 'FGFR4', -0.2604480020092176)
('BAG1', 'FOXA1', 0.2479987607143675)
('BAG1', 'FOXC1', -0.1560256504205624)
('BAG1', 'GRB7', -0.10657544902392319)
('BAG1', 'KIF2C', -0.37665747665058413)
('BAG1', 'KRT14', nan)
('BAG1', 'KRT17', -0.08888808537047091)
('BAG1', 'KRT5', nan)
('BAG1', 'MAPT', 0.3073419739870117)
('BAG1', 'MELK', -0.2786134422421839)
('BAG1', 'MKI67', -0.23110329892032866)
('BAG1', 'MLPH', 0.23707578289904294)
('BAG1', 'MMP11', -0.03946045693567992)
('BAG1', 'MYC', -0.06163143642206857)
('BAG1', 'NAT1', 0.2923786491213777)
('BAG1', 'NDC80', -0.2601778410430244)
('BAG1', 'NUF2', -0.27169770009682664)
('BAG1', 'PGR', 0.37918135902527483)
('BAG1', 'PHGDH', -0.26429007271743166)
('BAG1', 'RRM2', -0.27402669302895344)
('BAG1', 'SFRP1', -0.03510176505431822)
('BAG1', 'SLC39A6', 0.4011833543270397)
('BAG1', 'TYMS', -0.23726497379924372)
('BAG1', 'UBE2C', -0.26850565306574703)
('BAG1', 'UBE2T', -0.2458407194830546)
('BCL2', 'ACTR3B', nan)
('BCL2', 'ANLN', nan)
('BCL2', 'BAG1', nan)
('BCL2', 'BCL2', nan)
('BCL2', 'BIRC5', nan)
('BCL2', 'BLVRA', nan)
('BCL2', 'CCNB1', nan)
('BCL2', 'CCNE1', nan)
('BCL2', 'CDC20', nan)
('BCL2', 'CDH3', nan)
('BCL2', 'CENPF', nan)
('BCL2', 'CEP55', nan)
('BCL2', 'CXXC5', nan)
('BCL2', 'EGFR', nan)
('BCL2', 'ERBB2', nan)
('BCL2', 'ESR1', nan)
('BCL2', 'EXO1', nan)
('BCL2', 'FGFR4', nan)
('BCL2', 'FOXA1', nan)
('BCL2', 'FOXC1', nan)
('BCL2', 'GRB7', nan)
('BCL2', 'KIF2C', nan)
('BCL2', 'KRT14', nan)
('BCL2', 'KRT17', nan)
('BCL2', 'KRT5', nan)
('BCL2', 'MAPT', nan)
('BCL2', 'MELK', nan)
('BCL2', 'MKI67', nan)
('BCL2', 'MLPH', nan)
('BCL2', 'MMP11', nan)
('BCL2', 'MYC', nan)
('BCL2', 'NAT1', nan)
('BCL2', 'NDC80', nan)
('BCL2', 'NUF2', nan)
('BCL2', 'PGR', nan)
('BCL2', 'PHGDH', nan)
('BCL2', 'RRM2', nan)
('BCL2', 'SFRP1', nan)
('BCL2', 'SLC39A6', nan)
('BCL2', 'TYMS', nan)
('BCL2', 'UBE2C', nan)
('BCL2', 'UBE2T', nan)
('BIRC5', 'ACTR3B', nan)
('BIRC5', 'ANLN', nan)
('BIRC5', 'BAG1', nan)
('BIRC5', 'BCL2', nan)
('BIRC5', 'BIRC5', nan)
('BIRC5', 'BLVRA', nan)
('BIRC5', 'CCNB1', nan)
('BIRC5', 'CCNE1', nan)
('BIRC5', 'CDC20', nan)
('BIRC5', 'CDH3', nan)
('BIRC5', 'CENPF', nan)
('BIRC5', 'CEP55', nan)
('BIRC5', 'CXXC5', nan)
('BIRC5', 'EGFR', nan)
('BIRC5', 'ERBB2', nan)
('BIRC5', 'ESR1', nan)
('BIRC5', 'EXO1', nan)
('BIRC5', 'FGFR4', nan)
('BIRC5', 'FOXA1', nan)
('BIRC5', 'FOXC1', nan)
('BIRC5', 'GRB7', nan)
('BIRC5', 'KIF2C', nan)
('BIRC5', 'KRT14', nan)
('BIRC5', 'KRT17', nan)
('BIRC5', 'KRT5', nan)
('BIRC5', 'MAPT', nan)
('BIRC5', 'MELK', nan)
('BIRC5', 'MKI67', nan)
('BIRC5', 'MLPH', nan)
('BIRC5', 'MMP11', nan)
('BIRC5', 'MYC', nan)
('BIRC5', 'NAT1', nan)
('BIRC5', 'NDC80', nan)
('BIRC5', 'NUF2', nan)
('BIRC5', 'PGR', nan)
('BIRC5', 'PHGDH', nan)
('BIRC5', 'RRM2', nan)
('BIRC5', 'SFRP1', nan)
('BIRC5', 'SLC39A6', nan)
('BIRC5', 'TYMS', nan)
('BIRC5', 'UBE2C', nan)
('BIRC5', 'UBE2T', nan)
('BLVRA', 'ACTR3B', -0.5769222998660686)
('BLVRA', 'ANLN', -0.2831430341922032)
('BLVRA', 'BAG1', 0.19308308232814433)
('BLVRA', 'BCL2', 0.38538215123066444)
('BLVRA', 'BIRC5', -0.2712000725703189)
('BLVRA', 'BLVRA', 0.807077471364585)
('BLVRA', 'CCNB1', -0.08353138677340737)
('BLVRA', 'CCNE1', -0.5092269011133328)
('BLVRA', 'CDC20', -0.37848154676327717)
('BLVRA', 'CDH3', -0.3904003827576122)
('BLVRA', 'CENPF', -0.24597221847237105)
('BLVRA', 'CEP55', -0.3379603448590242)
('BLVRA', 'CXXC5', 0.6777006587719808)
('BLVRA', 'EGFR', -0.42285279317410457)
('BLVRA', 'ERBB2', 0.15442597520040058)
('BLVRA', 'ESR1', 0.5800200834471075)
('BLVRA', 'EXO1', -0.2919326975741746)
('BLVRA', 'FGFR4', -0.18220663056539815)
('BLVRA', 'FOXA1', 0.5631761048403272)
('BLVRA', 'FOXC1', -0.5843894056465897)
('BLVRA', 'GRB7', 0.007124881795018027)
('BLVRA', 'KIF2C', -0.3347660103446274)
('BLVRA', 'KRT14', nan)
('BLVRA', 'KRT17', -0.2620693731974676)
('BLVRA', 'KRT5', nan)
('BLVRA', 'MAPT', 0.48918978425062254)
('BLVRA', 'MELK', -0.3552771191319858)
('BLVRA', 'MKI67', -0.232457356432143)
('BLVRA', 'MLPH', 0.6024955051929279)
('BLVRA', 'MMP11', 0.22920864357882684)
('BLVRA', 'MYC', -0.28459322292338524)
('BLVRA', 'NAT1', 0.5544178707996131)
('BLVRA', 'NDC80', -0.3823878234963625)
('BLVRA', 'NUF2', -0.35082695088207305)
('BLVRA', 'PGR', 0.461711813579569)
('BLVRA', 'PHGDH', -0.4089626627814827)
('BLVRA', 'RRM2', -0.009778564322240276)
('BLVRA', 'SFRP1', -0.40689875612419696)
('BLVRA', 'SLC39A6', 0.5522797299842943)
('BLVRA', 'TYMS', -0.23330357126287993)
('BLVRA', 'UBE2C', -0.25078784056824915)
('BLVRA', 'UBE2T', -0.16829699030255002)
('CCNB1', 'ACTR3B', nan)
('CCNB1', 'ANLN', nan)
('CCNB1', 'BAG1', nan)
('CCNB1', 'BCL2', nan)
('CCNB1', 'BIRC5', nan)
('CCNB1', 'BLVRA', nan)
('CCNB1', 'CCNB1', nan)
('CCNB1', 'CCNE1', nan)
('CCNB1', 'CDC20', nan)
('CCNB1', 'CDH3', nan)
('CCNB1', 'CENPF', nan)
('CCNB1', 'CEP55', nan)
('CCNB1', 'CXXC5', nan)
('CCNB1', 'EGFR', nan)
('CCNB1', 'ERBB2', nan)
('CCNB1', 'ESR1', nan)
('CCNB1', 'EXO1', nan)
('CCNB1', 'FGFR4', nan)
('CCNB1', 'FOXA1', nan)
('CCNB1', 'FOXC1', nan)
('CCNB1', 'GRB7', nan)
('CCNB1', 'KIF2C', nan)
('CCNB1', 'KRT14', nan)
('CCNB1', 'KRT17', nan)
('CCNB1', 'KRT5', nan)
('CCNB1', 'MAPT', nan)
('CCNB1', 'MELK', nan)
('CCNB1', 'MKI67', nan)
('CCNB1', 'MLPH', nan)
('CCNB1', 'MMP11', nan)
('CCNB1', 'MYC', nan)
('CCNB1', 'NAT1', nan)
('CCNB1', 'NDC80', nan)
('CCNB1', 'NUF2', nan)
('CCNB1', 'PGR', nan)
('CCNB1', 'PHGDH', nan)
('CCNB1', 'RRM2', nan)
('CCNB1', 'SFRP1', nan)
('CCNB1', 'SLC39A6', nan)
('CCNB1', 'TYMS', nan)
('CCNB1', 'UBE2C', nan)
('CCNB1', 'UBE2T', nan)
('CCNE1', 'ACTR3B', nan)
('CCNE1', 'ANLN', nan)
('CCNE1', 'BAG1', nan)
('CCNE1', 'BCL2', nan)
('CCNE1', 'BIRC5', nan)
('CCNE1', 'BLVRA', nan)
('CCNE1', 'CCNB1', nan)
('CCNE1', 'CCNE1', nan)
('CCNE1', 'CDC20', nan)
('CCNE1', 'CDH3', nan)
('CCNE1', 'CENPF', nan)
('CCNE1', 'CEP55', nan)
('CCNE1', 'CXXC5', nan)
('CCNE1', 'EGFR', nan)
('CCNE1', 'ERBB2', nan)
('CCNE1', 'ESR1', nan)
('CCNE1', 'EXO1', nan)
('CCNE1', 'FGFR4', nan)
('CCNE1', 'FOXA1', nan)
('CCNE1', 'FOXC1', nan)
('CCNE1', 'GRB7', nan)
('CCNE1', 'KIF2C', nan)
('CCNE1', 'KRT14', nan)
('CCNE1', 'KRT17', nan)
('CCNE1', 'KRT5', nan)
('CCNE1', 'MAPT', nan)
('CCNE1', 'MELK', nan)
('CCNE1', 'MKI67', nan)
('CCNE1', 'MLPH', nan)
('CCNE1', 'MMP11', nan)
('CCNE1', 'MYC', nan)
('CCNE1', 'NAT1', nan)
('CCNE1', 'NDC80', nan)
('CCNE1', 'NUF2', nan)
('CCNE1', 'PGR', nan)
('CCNE1', 'PHGDH', nan)
('CCNE1', 'RRM2', nan)
('CCNE1', 'SFRP1', nan)
('CCNE1', 'SLC39A6', nan)
('CCNE1', 'TYMS', nan)
('CCNE1', 'UBE2C', nan)
('CCNE1', 'UBE2T', nan)
('CDC20', 'ACTR3B', nan)
('CDC20', 'ANLN', nan)
('CDC20', 'BAG1', nan)
('CDC20', 'BCL2', nan)
('CDC20', 'BIRC5', nan)
('CDC20', 'BLVRA', nan)
('CDC20', 'CCNB1', nan)
('CDC20', 'CCNE1', nan)
('CDC20', 'CDC20', nan)
('CDC20', 'CDH3', nan)
('CDC20', 'CENPF', nan)
('CDC20', 'CEP55', nan)
('CDC20', 'CXXC5', nan)
('CDC20', 'EGFR', nan)
('CDC20', 'ERBB2', nan)
('CDC20', 'ESR1', nan)
('CDC20', 'EXO1', nan)
('CDC20', 'FGFR4', nan)
('CDC20', 'FOXA1', nan)
('CDC20', 'FOXC1', nan)
('CDC20', 'GRB7', nan)
('CDC20', 'KIF2C', nan)
('CDC20', 'KRT14', nan)
('CDC20', 'KRT17', nan)
('CDC20', 'KRT5', nan)
('CDC20', 'MAPT', nan)
('CDC20', 'MELK', nan)
('CDC20', 'MKI67', nan)
('CDC20', 'MLPH', nan)
('CDC20', 'MMP11', nan)
('CDC20', 'MYC', nan)
('CDC20', 'NAT1', nan)
('CDC20', 'NDC80', nan)
('CDC20', 'NUF2', nan)
('CDC20', 'PGR', nan)
('CDC20', 'PHGDH', nan)
('CDC20', 'RRM2', nan)
('CDC20', 'SFRP1', nan)
('CDC20', 'SLC39A6', nan)
('CDC20', 'TYMS', nan)
('CDC20', 'UBE2C', nan)
('CDC20', 'UBE2T', nan)
('CDH3', 'ACTR3B', nan)
('CDH3', 'ANLN', nan)
('CDH3', 'BAG1', nan)
('CDH3', 'BCL2', nan)
('CDH3', 'BIRC5', nan)
('CDH3', 'BLVRA', nan)
('CDH3', 'CCNB1', nan)
('CDH3', 'CCNE1', nan)
('CDH3', 'CDC20', nan)
('CDH3', 'CDH3', nan)
('CDH3', 'CENPF', nan)
('CDH3', 'CEP55', nan)
('CDH3', 'CXXC5', nan)
('CDH3', 'EGFR', nan)
('CDH3', 'ERBB2', nan)
('CDH3', 'ESR1', nan)
('CDH3', 'EXO1', nan)
('CDH3', 'FGFR4', nan)
('CDH3', 'FOXA1', nan)
('CDH3', 'FOXC1', nan)
('CDH3', 'GRB7', nan)
('CDH3', 'KIF2C', nan)
('CDH3', 'KRT14', nan)
('CDH3', 'KRT17', nan)
('CDH3', 'KRT5', nan)
('CDH3', 'MAPT', nan)
('CDH3', 'MELK', nan)
('CDH3', 'MKI67', nan)
('CDH3', 'MLPH', nan)
('CDH3', 'MMP11', nan)
('CDH3', 'MYC', nan)
('CDH3', 'NAT1', nan)
('CDH3', 'NDC80', nan)
('CDH3', 'NUF2', nan)
('CDH3', 'PGR', nan)
('CDH3', 'PHGDH', nan)
('CDH3', 'RRM2', nan)
('CDH3', 'SFRP1', nan)
('CDH3', 'SLC39A6', nan)
('CDH3', 'TYMS', nan)
('CDH3', 'UBE2C', nan)
('CDH3', 'UBE2T', nan)
('CENPF', 'ACTR3B', 0.37163956109394075)
('CENPF', 'ANLN', 0.5923338257265076)
('CENPF', 'BAG1', -0.05000987444194929)
('CENPF', 'BCL2', -0.21084065854728865)
('CENPF', 'BIRC5', 0.5546876467534881)
('CENPF', 'BLVRA', -0.19576537670447833)
('CENPF', 'CCNB1', 0.5716524731076453)
('CENPF', 'CCNE1', 0.5268155104899097)
('CENPF', 'CDC20', 0.6002673796692016)
('CENPF', 'CDH3', 0.39043647127590186)
('CENPF', 'CENPF', 0.7061022881213429)
('CENPF', 'CEP55', 0.5915414522858686)
('CENPF', 'CXXC5', -0.30727725763079644)
('CENPF', 'EGFR', 0.16023883468983835)
('CENPF', 'ERBB2', -0.14658189664957197)
('CENPF', 'ESR1', -0.21346355987392673)
('CENPF', 'EXO1', 0.6395174728364329)
('CENPF', 'FGFR4', -0.022791368355839267)
('CENPF', 'FOXA1', -0.39460873649210104)
('CENPF', 'FOXC1', 0.2853200261406132)
('CENPF', 'GRB7', -0.031868749507191436)
('CENPF', 'KIF2C', 0.6958888851411266)
('CENPF', 'KRT14', nan)
('CENPF', 'KRT17', 0.21265828247366306)
('CENPF', 'KRT5', nan)
('CENPF', 'MAPT', -0.19392201204003312)
('CENPF', 'MELK', 0.5665041470254455)
('CENPF', 'MKI67', 0.47522899344273084)
('CENPF', 'MLPH', -0.3440421330192882)
('CENPF', 'MMP11', -0.0936558274504791)
('CENPF', 'MYC', 0.27721159174604926)
('CENPF', 'NAT1', -0.22279595137153893)
('CENPF', 'NDC80', 0.6071724172354237)
('CENPF', 'NUF2', 0.48347888026447866)
('CENPF', 'PGR', -0.16163880431788985)
('CENPF', 'PHGDH', 0.33478427017347484)
('CENPF', 'RRM2', 0.35916291860881366)
('CENPF', 'SFRP1', 0.16356530231616068)
('CENPF', 'SLC39A6', -0.04624679880985296)
('CENPF', 'TYMS', 0.5519313653323146)
('CENPF', 'UBE2C', 0.6196881396148173)
('CENPF', 'UBE2T', 0.6174179204288952)
('CEP55', 'ACTR3B', nan)
('CEP55', 'ANLN', nan)
('CEP55', 'BAG1', nan)
('CEP55', 'BCL2', nan)
('CEP55', 'BIRC5', nan)
('CEP55', 'BLVRA', nan)
('CEP55', 'CCNB1', nan)
('CEP55', 'CCNE1', nan)
('CEP55', 'CDC20', nan)
('CEP55', 'CDH3', nan)
('CEP55', 'CENPF', nan)
('CEP55', 'CEP55', nan)
('CEP55', 'CXXC5', nan)
('CEP55', 'EGFR', nan)
('CEP55', 'ERBB2', nan)
('CEP55', 'ESR1', nan)
('CEP55', 'EXO1', nan)
('CEP55', 'FGFR4', nan)
('CEP55', 'FOXA1', nan)
('CEP55', 'FOXC1', nan)
('CEP55', 'GRB7', nan)
('CEP55', 'KIF2C', nan)
('CEP55', 'KRT14', nan)
('CEP55', 'KRT17', nan)
('CEP55', 'KRT5', nan)
('CEP55', 'MAPT', nan)
('CEP55', 'MELK', nan)
('CEP55', 'MKI67', nan)
('CEP55', 'MLPH', nan)
('CEP55', 'MMP11', nan)
('CEP55', 'MYC', nan)
('CEP55', 'NAT1', nan)
('CEP55', 'NDC80', nan)
('CEP55', 'NUF2', nan)
('CEP55', 'PGR', nan)
('CEP55', 'PHGDH', nan)
('CEP55', 'RRM2', nan)
('CEP55', 'SFRP1', nan)
('CEP55', 'SLC39A6', nan)
('CEP55', 'TYMS', nan)
('CEP55', 'UBE2C', nan)
('CEP55', 'UBE2T', nan)
('CXXC5', 'ACTR3B', nan)
('CXXC5', 'ANLN', nan)
('CXXC5', 'BAG1', nan)
('CXXC5', 'BCL2', nan)
('CXXC5', 'BIRC5', nan)
('CXXC5', 'BLVRA', nan)
('CXXC5', 'CCNB1', nan)
('CXXC5', 'CCNE1', nan)
('CXXC5', 'CDC20', nan)
('CXXC5', 'CDH3', nan)
('CXXC5', 'CENPF', nan)
('CXXC5', 'CEP55', nan)
('CXXC5', 'CXXC5', nan)
('CXXC5', 'EGFR', nan)
('CXXC5', 'ERBB2', nan)
('CXXC5', 'ESR1', nan)
('CXXC5', 'EXO1', nan)
('CXXC5', 'FGFR4', nan)
('CXXC5', 'FOXA1', nan)
('CXXC5', 'FOXC1', nan)
('CXXC5', 'GRB7', nan)
('CXXC5', 'KIF2C', nan)
('CXXC5', 'KRT14', nan)
('CXXC5', 'KRT17', nan)
('CXXC5', 'KRT5', nan)
('CXXC5', 'MAPT', nan)
('CXXC5', 'MELK', nan)
('CXXC5', 'MKI67', nan)
('CXXC5', 'MLPH', nan)
('CXXC5', 'MMP11', nan)
('CXXC5', 'MYC', nan)
('CXXC5', 'NAT1', nan)
('CXXC5', 'NDC80', nan)
('CXXC5', 'NUF2', nan)
('CXXC5', 'PGR', nan)
('CXXC5', 'PHGDH', nan)
('CXXC5', 'RRM2', nan)
('CXXC5', 'SFRP1', nan)
('CXXC5', 'SLC39A6', nan)
('CXXC5', 'TYMS', nan)
('CXXC5', 'UBE2C', nan)
('CXXC5', 'UBE2T', nan)
('EGFR', 'ACTR3B', 0.3226001230794996)
('EGFR', 'ANLN', 0.2897630641538698)
('EGFR', 'BAG1', -0.07953729708148)
('EGFR', 'BCL2', -0.30738584265675145)
('EGFR', 'BIRC5', 0.2055325330527889)
('EGFR', 'BLVRA', -0.37905140096977913)
('EGFR', 'CCNB1', 0.04170834996529398)
('EGFR', 'CCNE1', 0.3163627643431302)
('EGFR', 'CDC20', 0.2694396031036088)
('EGFR', 'CDH3', 0.3537042845174629)
('EGFR', 'CENPF', 0.14668051065754145)
('EGFR', 'CEP55', 0.28124763495604166)
('EGFR', 'CXXC5', -0.4630110640814935)
('EGFR', 'EGFR', 0.6040910781355563)
('EGFR', 'ERBB2', -0.04248558061043193)
('EGFR', 'ESR1', -0.5381417257627558)
('EGFR', 'EXO1', 0.27884466306686095)
('EGFR', 'FGFR4', 0.061419097405256286)
('EGFR', 'FOXA1', -0.37729989236936823)
('EGFR', 'FOXC1', 0.428405006138393)
('EGFR', 'GRB7', 0.07682545915162566)
('EGFR', 'KIF2C', 0.21922379116654256)
('EGFR', 'KRT14', nan)
('EGFR', 'KRT17', 0.21857877739725634)
('EGFR', 'KRT5', nan)
('EGFR', 'MAPT', -0.4840095965311231)
('EGFR', 'MELK', 0.2913668176414346)
('EGFR', 'MKI67', 0.24609386780749518)
('EGFR', 'MLPH', -0.41730815879824973)
('EGFR', 'MMP11', -0.14185140092407963)
('EGFR', 'MYC', 0.09403200531067749)
('EGFR', 'NAT1', -0.3171701429944193)
('EGFR', 'NDC80', 0.28624786193127066)
('EGFR', 'NUF2', 0.12498440810955956)
('EGFR', 'PGR', -0.40945678009647246)
('EGFR', 'PHGDH', 0.44721722275553794)
('EGFR', 'RRM2', 0.13816026430074024)
('EGFR', 'SFRP1', 0.378299177514684)
('EGFR', 'SLC39A6', -0.3168919572540069)
('EGFR', 'TYMS', 0.24681048455921165)
('EGFR', 'UBE2C', 0.14634897349160197)
('EGFR', 'UBE2T', 0.20795282762457676)
('ERBB2', 'ACTR3B', -0.24647293108863075)
('ERBB2', 'ANLN', 0.1824572508992651)
('ERBB2', 'BAG1', -0.10524247941862945)
('ERBB2', 'BCL2', -0.2756034729985019)
('ERBB2', 'BIRC5', -0.099960465521666)
('ERBB2', 'BLVRA', 0.11913881119514863)
('ERBB2', 'CCNB1', 0.05516908200889072)
('ERBB2', 'CCNE1', -0.07040068537853993)
('ERBB2', 'CDC20', -0.023457198783569135)
('ERBB2', 'CDH3', -0.06104405382448273)
('ERBB2', 'CENPF', 0.040040134603062216)
('ERBB2', 'CEP55', 0.02692896880200859)
('ERBB2', 'CXXC5', 0.02028893883182196)
('ERBB2', 'EGFR', -0.034953606496470314)
('ERBB2', 'ERBB2', 0.8182716703320498)
('ERBB2', 'ESR1', -0.15265419947695233)
('ERBB2', 'EXO1', 0.021497049753045172)
('ERBB2', 'FGFR4', 0.32404518629762114)
('ERBB2', 'FOXA1', 0.21835179431573326)
('ERBB2', 'FOXC1', -0.2113279040462201)
('ERBB2', 'GRB7', 0.7906501553375468)
('ERBB2', 'KIF2C', -0.038497178672313934)
('ERBB2', 'KRT14', nan)
('ERBB2', 'KRT17', -0.1292498424065159)
('ERBB2', 'KRT5', nan)
('ERBB2', 'MAPT', -0.03223499360007933)
('ERBB2', 'MELK', 0.05756191372918676)
('ERBB2', 'MKI67', 0.04859217471447262)
('ERBB2', 'MLPH', 0.17868780870325537)
('ERBB2', 'MMP11', 0.15154196984218415)
('ERBB2', 'MYC', -0.27143557167458443)
('ERBB2', 'NAT1', 0.0672500734564253)
('ERBB2', 'NDC80', 0.027054861368125696)
('ERBB2', 'NUF2', -0.008917176732040451)
('ERBB2', 'PGR', -0.22777200842932868)
('ERBB2', 'PHGDH', 0.02909093837529733)
('ERBB2', 'RRM2', 0.23461191480208882)
('ERBB2', 'SFRP1', -0.2022927021625219)
('ERBB2', 'SLC39A6', -0.13502298490873504)
('ERBB2', 'TYMS', -0.23709794251689617)
('ERBB2', 'UBE2C', -0.03158796572571294)
('ERBB2', 'UBE2T', 0.09113599205196606)
('ESR1', 'ACTR3B', -0.31674454833034904)
('ESR1', 'ANLN', -0.4775072333836021)
('ESR1', 'BAG1', 0.1612961962277731)
('ESR1', 'BCL2', 0.5360341800223156)
('ESR1', 'BIRC5', -0.2620665653137391)
('ESR1', 'BLVRA', 0.3611607831454407)
('ESR1', 'CCNB1', -0.15378118379210612)
('ESR1', 'CCNE1', -0.5364943294862785)
('ESR1', 'CDC20', -0.406513720002376)
('ESR1', 'CDH3', -0.4575877637781909)
('ESR1', 'CENPF', -0.35645361473572623)
('ESR1', 'CEP55', -0.4683470008142364)
('ESR1', 'CXXC5', 0.5120654093012543)
('ESR1', 'EGFR', -0.640549049581849)
('ESR1', 'ERBB2', -0.12006722798226555)
('ESR1', 'ESR1', 0.7162923071903577)
('ESR1', 'EXO1', -0.384434582997523)
('ESR1', 'FGFR4', -0.35266020949687404)
('ESR1', 'FOXA1', 0.47609024845717723)
('ESR1', 'FOXC1', -0.538261775227663)
('ESR1', 'GRB7', -0.2437946315773968)
('ESR1', 'KIF2C', -0.3449350632433554)
('ESR1', 'KRT14', nan)
('ESR1', 'KRT17', -0.42105154274660717)
('ESR1', 'KRT5', nan)
('ESR1', 'MAPT', 0.49676871017909624)
('ESR1', 'MELK', -0.49594165565327897)
('ESR1', 'MKI67', -0.34805129763687287)
('ESR1', 'MLPH', 0.4971967874306525)
('ESR1', 'MMP11', -0.11423087983375517)
('ESR1', 'MYC', -0.11461003271976371)
('ESR1', 'NAT1', 0.418161097091992)
('ESR1', 'NDC80', -0.3202162497153095)
('ESR1', 'NUF2', -0.17588408986408427)
('ESR1', 'PGR', 0.533907319040455)
('ESR1', 'PHGDH', -0.3845467573736051)
('ESR1', 'RRM2', -0.33242695682256235)
('ESR1', 'SFRP1', -0.4866359710187583)
('ESR1', 'SLC39A6', 0.5362330798034445)
('ESR1', 'TYMS', -0.22243999467665024)
('ESR1', 'UBE2C', -0.32861873196769875)
('ESR1', 'UBE2T', -0.26097271256192844)
('EXO1', 'ACTR3B', nan)
('EXO1', 'ANLN', nan)
('EXO1', 'BAG1', nan)
('EXO1', 'BCL2', nan)
('EXO1', 'BIRC5', nan)
('EXO1', 'BLVRA', nan)
('EXO1', 'CCNB1', nan)
('EXO1', 'CCNE1', nan)
('EXO1', 'CDC20', nan)
('EXO1', 'CDH3', nan)
('EXO1', 'CENPF', nan)
('EXO1', 'CEP55', nan)
('EXO1', 'CXXC5', nan)
('EXO1', 'EGFR', nan)
('EXO1', 'ERBB2', nan)
('EXO1', 'ESR1', nan)
('EXO1', 'EXO1', nan)
('EXO1', 'FGFR4', nan)
('EXO1', 'FOXA1', nan)
('EXO1', 'FOXC1', nan)
('EXO1', 'GRB7', nan)
('EXO1', 'KIF2C', nan)
('EXO1', 'KRT14', nan)
('EXO1', 'KRT17', nan)
('EXO1', 'KRT5', nan)
('EXO1', 'MAPT', nan)
('EXO1', 'MELK', nan)
('EXO1', 'MKI67', nan)
('EXO1', 'MLPH', nan)
('EXO1', 'MMP11', nan)
('EXO1', 'MYC', nan)
('EXO1', 'NAT1', nan)
('EXO1', 'NDC80', nan)
('EXO1', 'NUF2', nan)
('EXO1', 'PGR', nan)
('EXO1', 'PHGDH', nan)
('EXO1', 'RRM2', nan)
('EXO1', 'SFRP1', nan)
('EXO1', 'SLC39A6', nan)
('EXO1', 'TYMS', nan)
('EXO1', 'UBE2C', nan)
('EXO1', 'UBE2T', nan)
('FGFR4', 'ACTR3B', nan)
('FGFR4', 'ANLN', nan)
('FGFR4', 'BAG1', nan)
('FGFR4', 'BCL2', nan)
('FGFR4', 'BIRC5', nan)
('FGFR4', 'BLVRA', nan)
('FGFR4', 'CCNB1', nan)
('FGFR4', 'CCNE1', nan)
('FGFR4', 'CDC20', nan)
('FGFR4', 'CDH3', nan)
('FGFR4', 'CENPF', nan)
('FGFR4', 'CEP55', nan)
('FGFR4', 'CXXC5', nan)
('FGFR4', 'EGFR', nan)
('FGFR4', 'ERBB2', nan)
('FGFR4', 'ESR1', nan)
('FGFR4', 'EXO1', nan)
('FGFR4', 'FGFR4', nan)
('FGFR4', 'FOXA1', nan)
('FGFR4', 'FOXC1', nan)
('FGFR4', 'GRB7', nan)
('FGFR4', 'KIF2C', nan)
('FGFR4', 'KRT14', nan)
('FGFR4', 'KRT17', nan)
('FGFR4', 'KRT5', nan)
('FGFR4', 'MAPT', nan)
('FGFR4', 'MELK', nan)
('FGFR4', 'MKI67', nan)
('FGFR4', 'MLPH', nan)
('FGFR4', 'MMP11', nan)
('FGFR4', 'MYC', nan)
('FGFR4', 'NAT1', nan)
('FGFR4', 'NDC80', nan)
('FGFR4', 'NUF2', nan)
('FGFR4', 'PGR', nan)
('FGFR4', 'PHGDH', nan)
('FGFR4', 'RRM2', nan)
('FGFR4', 'SFRP1', nan)
('FGFR4', 'SLC39A6', nan)
('FGFR4', 'TYMS', nan)
('FGFR4', 'UBE2C', nan)
('FGFR4', 'UBE2T', nan)
('FOXA1', 'ACTR3B', -0.5606453367891504)
('FOXA1', 'ANLN', -0.4257615767477797)
('FOXA1', 'BAG1', 0.18730752213214633)
('FOXA1', 'BCL2', 0.373039143809365)
('FOXA1', 'BIRC5', -0.3528195248936904)
('FOXA1', 'BLVRA', 0.48504498905859456)
('FOXA1', 'CCNB1', -0.14586586612448293)
('FOXA1', 'CCNE1', -0.6605600920352614)
('FOXA1', 'CDC20', -0.4772308343910112)
('FOXA1', 'CDH3', -0.5720752480608571)
('FOXA1', 'CENPF', -0.42481987889985756)
('FOXA1', 'CEP55', -0.45461790819234804)
('FOXA1', 'CXXC5', 0.6232048984131776)
('FOXA1', 'EGFR', -0.536780596400311)
('FOXA1', 'ERBB2', 0.2169578360198171)
('FOXA1', 'ESR1', 0.6585580728438015)
('FOXA1', 'EXO1', -0.42251941792306696)
('FOXA1', 'FGFR4', -0.007015742119459022)
('FOXA1', 'FOXA1', 0.7405719593530695)
('FOXA1', 'FOXC1', -0.7662678780274287)
('FOXA1', 'GRB7', 0.029059555846388176)
('FOXA1', 'KIF2C', -0.4208417090492964)
('FOXA1', 'KRT14', nan)
('FOXA1', 'KRT17', -0.5549624450668673)
('FOXA1', 'KRT5', nan)
('FOXA1', 'MAPT', 0.49652414161017877)
('FOXA1', 'MELK', -0.46350273005863485)
('FOXA1', 'MKI67', -0.32825383891460486)
('FOXA1', 'MLPH', 0.6722659833316356)
('FOXA1', 'MMP11', 0.10097916113328624)
('FOXA1', 'MYC', -0.38337140195931757)
('FOXA1', 'NAT1', 0.539328807923754)
('FOXA1', 'NDC80', -0.4651318535274632)
('FOXA1', 'NUF2', -0.2944564601726021)
('FOXA1', 'PGR', 0.4500569058815076)
('FOXA1', 'PHGDH', -0.4676817726413301)
('FOXA1', 'RRM2', -0.2267403387347681)
('FOXA1', 'SFRP1', -0.6344064429486056)
('FOXA1', 'SLC39A6', 0.45033353662783865)
('FOXA1', 'TYMS', -0.34473605003734437)
('FOXA1', 'UBE2C', -0.3302838282240005)
('FOXA1', 'UBE2T', -0.2806539816252188)
('FOXC1', 'ACTR3B', nan)
('FOXC1', 'ANLN', nan)
('FOXC1', 'BAG1', nan)
('FOXC1', 'BCL2', nan)
('FOXC1', 'BIRC5', nan)
('FOXC1', 'BLVRA', nan)
('FOXC1', 'CCNB1', nan)
('FOXC1', 'CCNE1', nan)
('FOXC1', 'CDC20', nan)
('FOXC1', 'CDH3', nan)
('FOXC1', 'CENPF', nan)
('FOXC1', 'CEP55', nan)
('FOXC1', 'CXXC5', nan)
('FOXC1', 'EGFR', nan)
('FOXC1', 'ERBB2', nan)
('FOXC1', 'ESR1', nan)
('FOXC1', 'EXO1', nan)
('FOXC1', 'FGFR4', nan)
('FOXC1', 'FOXA1', nan)
('FOXC1', 'FOXC1', nan)
('FOXC1', 'GRB7', nan)
('FOXC1', 'KIF2C', nan)
('FOXC1', 'KRT14', nan)
('FOXC1', 'KRT17', nan)
('FOXC1', 'KRT5', nan)
('FOXC1', 'MAPT', nan)
('FOXC1', 'MELK', nan)
('FOXC1', 'MKI67', nan)
('FOXC1', 'MLPH', nan)
('FOXC1', 'MMP11', nan)
('FOXC1', 'MYC', nan)
('FOXC1', 'NAT1', nan)
('FOXC1', 'NDC80', nan)
('FOXC1', 'NUF2', nan)
('FOXC1', 'PGR', nan)
('FOXC1', 'PHGDH', nan)
('FOXC1', 'RRM2', nan)
('FOXC1', 'SFRP1', nan)
('FOXC1', 'SLC39A6', nan)
('FOXC1', 'TYMS', nan)
('FOXC1', 'UBE2C', nan)
('FOXC1', 'UBE2T', nan)
('GRB7', 'ACTR3B', -0.1411613277586598)
('GRB7', 'ANLN', 0.24901362751891232)
('GRB7', 'BAG1', -0.09404180614848365)
('GRB7', 'BCL2', -0.3093145925966246)
('GRB7', 'BIRC5', -0.12004876382798774)
('GRB7', 'BLVRA', 0.0004723473833334256)
('GRB7', 'CCNB1', 0.10934375884332422)
('GRB7', 'CCNE1', -0.031042533373487696)
('GRB7', 'CDC20', 0.04175991472269799)
('GRB7', 'CDH3', 0.016172743414650918)
('GRB7', 'CENPF', 0.15880802959093276)
('GRB7', 'CEP55', 0.0760163310518227)
('GRB7', 'CXXC5', -0.0833747298822121)
('GRB7', 'EGFR', 0.05992496711308188)
('GRB7', 'ERBB2', 0.7707198377961589)
('GRB7', 'ESR1', -0.23555707790725786)
('GRB7', 'EXO1', 0.0739780383137035)
('GRB7', 'FGFR4', 0.2608575219131798)
('GRB7', 'FOXA1', 0.12403760034028503)
('GRB7', 'FOXC1', -0.08072390161235997)
('GRB7', 'GRB7', 0.8244345900709343)
('GRB7', 'KIF2C', -0.0009271441852738533)
('GRB7', 'KRT14', nan)
('GRB7', 'KRT17', -0.0433786007402964)
('GRB7', 'KRT5', nan)
('GRB7', 'MAPT', -0.10014897239760874)
('GRB7', 'MELK', 0.10323382470140784)
('GRB7', 'MKI67', 0.07401963128090365)
('GRB7', 'MLPH', 0.0705361167519392)
('GRB7', 'MMP11', 0.14394885551033637)
('GRB7', 'MYC', -0.13890422488550594)
('GRB7', 'NAT1', -0.003199827814928274)
('GRB7', 'NDC80', 0.09261350896754446)
('GRB7', 'NUF2', 0.03740193681785053)
('GRB7', 'PGR', -0.229602274982508)
('GRB7', 'PHGDH', 0.09914425986748891)
('GRB7', 'RRM2', 0.18812637057160678)
('GRB7', 'SFRP1', -0.09102495133280682)
('GRB7', 'SLC39A6', -0.18915372885280973)
('GRB7', 'TYMS', -0.14460997785322804)
('GRB7', 'UBE2C', 0.02224387957992052)
('GRB7', 'UBE2T', 0.1881582953301673)
('KIF2C', 'ACTR3B', 0.378908047923093)
('KIF2C', 'ANLN', 0.5519978963575511)
('KIF2C', 'BAG1', -0.18851144009626924)
('KIF2C', 'BCL2', -0.2610381105085041)
('KIF2C', 'BIRC5', 0.5658953959373128)
('KIF2C', 'BLVRA', -0.19779990411477394)
('KIF2C', 'CCNB1', 0.556934802349033)
('KIF2C', 'CCNE1', 0.5483355936884703)
('KIF2C', 'CDC20', 0.6465890038176788)
('KIF2C', 'CDH3', 0.3845862589085959)
('KIF2C', 'CENPF', 0.6558146300988521)
('KIF2C', 'CEP55', 0.6692666611271638)
('KIF2C', 'CXXC5', -0.39929000141930243)
('KIF2C', 'EGFR', 0.24588392760406907)
('KIF2C', 'ERBB2', -0.16405919295273064)
('KIF2C', 'ESR1', -0.3122207733497491)
('KIF2C', 'EXO1', 0.6543693625406164)
('KIF2C', 'FGFR4', 0.09420459226964312)
('KIF2C', 'FOXA1', -0.4133263307802768)
('KIF2C', 'FOXC1', 0.23722454470015952)
('KIF2C', 'GRB7', -0.050207586731586915)
('KIF2C', 'KIF2C', 0.7774492862603543)
('KIF2C', 'KRT14', nan)
('KIF2C', 'KRT17', 0.1883086665155406)
('KIF2C', 'KRT5', nan)
('KIF2C', 'MAPT', -0.3317108038642193)
('KIF2C', 'MELK', 0.6121034480872873)
('KIF2C', 'MKI67', 0.5716285094525164)
('KIF2C', 'MLPH', -0.3982121764849855)
('KIF2C', 'MMP11', -0.18721970452280778)
('KIF2C', 'MYC', 0.2854666154789072)
('KIF2C', 'NAT1', -0.2783109284457427)
('KIF2C', 'NDC80', 0.6605941975785526)
('KIF2C', 'NUF2', 0.46472542108224074)
('KIF2C', 'PGR', -0.2997318062958048)
('KIF2C', 'PHGDH', 0.4459635829781114)
('KIF2C', 'RRM2', 0.47349909904724274)
('KIF2C', 'SFRP1', 0.206385811146288)
('KIF2C', 'SLC39A6', -0.17025096017126257)
('KIF2C', 'TYMS', 0.6302848115967232)
('KIF2C', 'UBE2C', 0.625765304813012)
('KIF2C', 'UBE2T', 0.5409770771098167)
('KRT14', 'ACTR3B', 0.2559483555559203)
('KRT14', 'ANLN', 0.21672033442000918)
('KRT14', 'BAG1', 0.1327396493593976)
('KRT14', 'BCL2', -0.13978135796990498)
('KRT14', 'BIRC5', 0.06817374162899753)
('KRT14', 'BLVRA', -0.29170274041982575)
('KRT14', 'CCNB1', 0.05783644615343646)
('KRT14', 'CCNE1', 0.34005683327318453)
('KRT14', 'CDC20', 0.15027766812610702)
('KRT14', 'CDH3', 0.492490703879669)
('KRT14', 'CENPF', 0.1931122800410368)
('KRT14', 'CEP55', 0.2213753211189431)
('KRT14', 'CXXC5', -0.3219910758592143)
('KRT14', 'EGFR', 0.36769505237103034)
('KRT14', 'ERBB2', -0.16281813349622712)
('KRT14', 'ESR1', -0.2965858621366)
('KRT14', 'EXO1', 0.1929349595524639)
('KRT14', 'FGFR4', -0.2043349373850647)
('KRT14', 'FOXA1', -0.40192487294949475)
('KRT14', 'FOXC1', 0.49853340985841615)
('KRT14', 'GRB7', -0.02192217564976439)
('KRT14', 'KIF2C', 0.12803529303666972)
('KRT14', 'KRT14', nan)
('KRT14', 'KRT17', 0.6833749435683266)
('KRT14', 'KRT5', nan)
('KRT14', 'MAPT', -0.16378332320193206)
('KRT14', 'MELK', 0.23589493314928955)
('KRT14', 'MKI67', 0.07971539815748091)
('KRT14', 'MLPH', -0.34749465500096216)
('KRT14', 'MMP11', -0.0074463723404480115)
('KRT14', 'MYC', 0.24221022077594637)
('KRT14', 'NAT1', -0.22045387290405397)
('KRT14', 'NDC80', 0.2086302750598361)
('KRT14', 'NUF2', 0.20463394026158785)
('KRT14', 'PGR', -0.15257460637250514)
('KRT14', 'PHGDH', 0.2836773599861024)
('KRT14', 'RRM2', 0.03879619941634504)
('KRT14', 'SFRP1', 0.503125669654582)
('KRT14', 'SLC39A6', -0.009569104622629361)
('KRT14', 'TYMS', 0.11655209457323186)
('KRT14', 'UBE2C', 0.13202651994601705)
('KRT14', 'UBE2T', 0.11138967801393687)
('KRT17', 'ACTR3B', 0.39013517523222224)
('KRT17', 'ANLN', 0.23818297059172172)
('KRT17', 'BAG1', 0.11664319134190462)
('KRT17', 'BCL2', -0.17689769908556316)
('KRT17', 'BIRC5', 0.14030743324535674)
('KRT17', 'BLVRA', -0.3659366322670304)
('KRT17', 'CCNB1', 0.07500746344210048)
('KRT17', 'CCNE1', 0.36523244696076534)
('KRT17', 'CDC20', 0.2068926517596034)
('KRT17', 'CDH3', 0.4554494024217723)
('KRT17', 'CENPF', 0.2098631497934159)
('KRT17', 'CEP55', 0.25326540437749795)
('KRT17', 'CXXC5', -0.3906461091514852)
('KRT17', 'EGFR', 0.3348203641032973)
('KRT17', 'ERBB2', -0.21221521307839428)
('KRT17', 'ESR1', -0.35642412934141227)
('KRT17', 'EXO1', 0.23600892307411717)
('KRT17', 'FGFR4', -0.18793000319547606)
('KRT17', 'FOXA1', -0.47960282225926465)
('KRT17', 'FOXC1', 0.5447878083539702)
('KRT17', 'GRB7', -0.07985843519802265)
('KRT17', 'KIF2C', 0.19763507703429112)
('KRT17', 'KRT14', nan)
('KRT17', 'KRT17', 0.7016414969860282)
('KRT17', 'KRT5', nan)
('KRT17', 'MAPT', -0.21477186859353276)
('KRT17', 'MELK', 0.30257381478689016)
('KRT17', 'MKI67', 0.08400017271639487)
('KRT17', 'MLPH', -0.38814409130148925)
('KRT17', 'MMP11', -0.04146110847422872)
('KRT17', 'MYC', 0.2235342022421315)
('KRT17', 'NAT1', -0.32565331400792824)
('KRT17', 'NDC80', 0.2555427622055519)
('KRT17', 'NUF2', 0.24860586687687192)
('KRT17', 'PGR', -0.1920800302577192)
('KRT17', 'PHGDH', 0.33284918866881946)
('KRT17', 'RRM2', 0.04442288320943776)
('KRT17', 'SFRP1', 0.5222502911512058)
('KRT17', 'SLC39A6', -0.07048091558683511)
('KRT17', 'TYMS', 0.13919736623206813)
('KRT17', 'UBE2C', 0.16520000584811698)
('KRT17', 'UBE2T', 0.12176422630401283)
('KRT5', 'ACTR3B', 0.26615050061870005)
('KRT5', 'ANLN', 0.2182960639996539)
('KRT5', 'BAG1', 0.10182386693085121)
('KRT5', 'BCL2', -0.14388295505812523)
('KRT5', 'BIRC5', 0.11110687985210047)
('KRT5', 'BLVRA', -0.2724078438006797)
('KRT5', 'CCNB1', 0.09053623872024662)
('KRT5', 'CCNE1', 0.38696412701555066)
('KRT5', 'CDC20', 0.17603233290656753)
('KRT5', 'CDH3', 0.5013528454312757)
('KRT5', 'CENPF', 0.22438116888516413)
('KRT5', 'CEP55', 0.24620443741076253)
('KRT5', 'CXXC5', -0.31506612819448404)
('KRT5', 'EGFR', 0.33376149336195216)
('KRT5', 'ERBB2', -0.18132510310437217)
('KRT5', 'ESR1', -0.2720246700042235)
('KRT5', 'EXO1', 0.21612121806946166)
('KRT5', 'FGFR4', -0.19343006207832011)
('KRT5', 'FOXA1', -0.48303011453497785)
('KRT5', 'FOXC1', 0.47265077052122506)
('KRT5', 'GRB7', -0.06288920270550853)
('KRT5', 'KIF2C', 0.16882158527949326)
('KRT5', 'KRT14', nan)
('KRT5', 'KRT17', 0.6766143201415284)
('KRT5', 'KRT5', nan)
('KRT5', 'MAPT', -0.18589458660385308)
('KRT5', 'MELK', 0.2734855019162892)
('KRT5', 'MKI67', 0.15294561734852483)
('KRT5', 'MLPH', -0.3660423391958547)
('KRT5', 'MMP11', -0.058105841237675274)
('KRT5', 'MYC', 0.28266823997056834)
('KRT5', 'NAT1', -0.26366585171105705)
('KRT5', 'NDC80', 0.23627962631350974)
('KRT5', 'NUF2', 0.17512822170852246)
('KRT5', 'PGR', -0.1533289277071438)
('KRT5', 'PHGDH', 0.2717018638928817)
('KRT5', 'RRM2', 0.08570451632284677)
('KRT5', 'SFRP1', 0.4953298256027359)
('KRT5', 'SLC39A6', -0.03624987677550781)
('KRT5', 'TYMS', 0.1824179238609796)
('KRT5', 'UBE2C', 0.08198221762820594)
('KRT5', 'UBE2T', 0.10591940013251257)
('MAPT', 'ACTR3B', -0.17231147150817644)
('MAPT', 'ANLN', -0.49030754615013306)
('MAPT', 'BAG1', 0.1583319326159159)
('MAPT', 'BCL2', 0.48683611255283915)
('MAPT', 'BIRC5', -0.39780549278472366)
('MAPT', 'BLVRA', 0.23719528145249677)
('MAPT', 'CCNB1', -0.239357713783205)
('MAPT', 'CCNE1', -0.3642787442269481)
('MAPT', 'CDC20', -0.4270378911150964)
('MAPT', 'CDH3', -0.4141919870589067)
('MAPT', 'CENPF', -0.38490604471032863)
('MAPT', 'CEP55', -0.4369379171942196)
('MAPT', 'CXXC5', 0.3932677067053971)
('MAPT', 'EGFR', -0.4658619723815351)
('MAPT', 'ERBB2', -0.11205007463057666)
('MAPT', 'ESR1', 0.5327020685742296)
('MAPT', 'EXO1', -0.4293902912345911)
('MAPT', 'FGFR4', -0.3379178308417939)
('MAPT', 'FOXA1', 0.35183710718301814)
('MAPT', 'FOXC1', -0.4268444075833004)
('MAPT', 'GRB7', -0.2663177151466669)
('MAPT', 'KIF2C', -0.37810046803453246)
('MAPT', 'KRT14', nan)
('MAPT', 'KRT17', -0.28329147524698783)
('MAPT', 'KRT5', nan)
('MAPT', 'MAPT', 0.7138982455558864)
('MAPT', 'MELK', -0.45167366029833883)
('MAPT', 'MKI67', -0.3663468499617151)
('MAPT', 'MLPH', 0.40715983699532765)
('MAPT', 'MMP11', 0.03541635101863064)
('MAPT', 'MYC', -0.019777287296549907)
('MAPT', 'NAT1', 0.3864747191638094)
('MAPT', 'NDC80', -0.2934921195698554)
('MAPT', 'NUF2', -0.24936959105868978)
('MAPT', 'PGR', 0.5700876390161334)
('MAPT', 'PHGDH', -0.3591857506088461)
('MAPT', 'RRM2', -0.42526955942341693)
('MAPT', 'SFRP1', -0.3309685808946846)
('MAPT', 'SLC39A6', 0.41671541012873253)
('MAPT', 'TYMS', -0.2849714499755093)
('MAPT', 'UBE2C', -0.38564132518387784)
('MAPT', 'UBE2T', -0.29811244143446797)
('MELK', 'ACTR3B', nan)
('MELK', 'ANLN', nan)
('MELK', 'BAG1', nan)
('MELK', 'BCL2', nan)
('MELK', 'BIRC5', nan)
('MELK', 'BLVRA', nan)
('MELK', 'CCNB1', nan)
('MELK', 'CCNE1', nan)
('MELK', 'CDC20', nan)
('MELK', 'CDH3', nan)
('MELK', 'CENPF', nan)
('MELK', 'CEP55', nan)
('MELK', 'CXXC5', nan)
('MELK', 'EGFR', nan)
('MELK', 'ERBB2', nan)
('MELK', 'ESR1', nan)
('MELK', 'EXO1', nan)
('MELK', 'FGFR4', nan)
('MELK', 'FOXA1', nan)
('MELK', 'FOXC1', nan)
('MELK', 'GRB7', nan)
('MELK', 'KIF2C', nan)
('MELK', 'KRT14', nan)
('MELK', 'KRT17', nan)
('MELK', 'KRT5', nan)
('MELK', 'MAPT', nan)
('MELK', 'MELK', nan)
('MELK', 'MKI67', nan)
('MELK', 'MLPH', nan)
('MELK', 'MMP11', nan)
('MELK', 'MYC', nan)
('MELK', 'NAT1', nan)
('MELK', 'NDC80', nan)
('MELK', 'NUF2', nan)
('MELK', 'PGR', nan)
('MELK', 'PHGDH', nan)
('MELK', 'RRM2', nan)
('MELK', 'SFRP1', nan)
('MELK', 'SLC39A6', nan)
('MELK', 'TYMS', nan)
('MELK', 'UBE2C', nan)
('MELK', 'UBE2T', nan)
('MKI67', 'ACTR3B', 0.16058849703481118)
('MKI67', 'ANLN', 0.47210105851269873)
('MKI67', 'BAG1', -0.229748178329201)
('MKI67', 'BCL2', -0.326346653576771)
('MKI67', 'BIRC5', 0.5156830769679824)
('MKI67', 'BLVRA', -0.1059522090663607)
('MKI67', 'CCNB1', 0.3537993009788697)
('MKI67', 'CCNE1', 0.4409464450052175)
('MKI67', 'CDC20', 0.5635640608611286)
('MKI67', 'CDH3', 0.3469135457053078)
('MKI67', 'CENPF', 0.4099163723624038)
('MKI67', 'CEP55', 0.5695540019079647)
('MKI67', 'CXXC5', -0.33405905193900515)
('MKI67', 'EGFR', 0.24039641449750776)
('MKI67', 'ERBB2', -0.22147681746553402)
('MKI67', 'ESR1', -0.36732566554971513)
('MKI67', 'EXO1', 0.5224425830834547)
('MKI67', 'FGFR4', 0.18015228910749972)
('MKI67', 'FOXA1', -0.3531161028569)
('MKI67', 'FOXC1', 0.28628899081426906)
('MKI67', 'GRB7', -0.10127230918662569)
('MKI67', 'KIF2C', 0.6132391565307268)
('MKI67', 'KRT14', nan)
('MKI67', 'KRT17', 0.15866133325215262)
('MKI67', 'KRT5', nan)
('MKI67', 'MAPT', -0.5565552397953543)
('MKI67', 'MELK', 0.5458999512061746)
('MKI67', 'MKI67', 0.5171102289669315)
('MKI67', 'MLPH', -0.3511931465759154)
('MKI67', 'MMP11', -0.07467769139718197)
('MKI67', 'MYC', 0.19477452127363692)
('MKI67', 'NAT1', -0.30314271766404405)
('MKI67', 'NDC80', 0.5346736173291199)
('MKI67', 'NUF2', 0.2921812353330658)
('MKI67', 'PGR', -0.43960483952323215)
('MKI67', 'PHGDH', 0.33470075523697834)
('MKI67', 'RRM2', 0.39129242497170175)
('MKI67', 'SFRP1', 0.18787686680312915)
('MKI67', 'SLC39A6', -0.34927357458653807)
('MKI67', 'TYMS', 0.5159531773311743)
('MKI67', 'UBE2C', 0.5406765760841667)
('MKI67', 'UBE2T', 0.351494372740601)
('MLPH', 'ACTR3B', -0.5586939937908841)
('MLPH', 'ANLN', -0.4242916212532528)
('MLPH', 'BAG1', 0.3271741424417244)
('MLPH', 'BCL2', 0.37634827173421515)
('MLPH', 'BIRC5', -0.4117593489527958)
('MLPH', 'BLVRA', 0.4801315683239183)
('MLPH', 'CCNB1', -0.21447985093229027)
('MLPH', 'CCNE1', -0.6177519239419483)
('MLPH', 'CDC20', -0.45995322320982707)
('MLPH', 'CDH3', -0.486785056246555)
('MLPH', 'CENPF', -0.4622434929828505)
('MLPH', 'CEP55', -0.47523648511946986)
('MLPH', 'CXXC5', 0.5696511263152298)
('MLPH', 'EGFR', -0.41212702025395354)
('MLPH', 'ERBB2', 0.2786417166891575)
('MLPH', 'ESR1', 0.5262081988240915)
('MLPH', 'EXO1', -0.46585912056426537)
('MLPH', 'FGFR4', 0.033882913100852514)
('MLPH', 'FOXA1', 0.6374769086965216)
('MLPH', 'FOXC1', -0.5795308724173374)
('MLPH', 'GRB7', 0.126091420893112)
('MLPH', 'KIF2C', -0.45229270393146054)
('MLPH', 'KRT14', nan)
('MLPH', 'KRT17', -0.38834903035765606)
('MLPH', 'KRT5', nan)
('MLPH', 'MAPT', 0.35665336963102745)
('MLPH', 'MELK', -0.44549712887822135)
('MLPH', 'MKI67', -0.31619514036759316)
('MLPH', 'MLPH', 0.6395225290134307)
('MLPH', 'MMP11', 0.07381746122756722)
('MLPH', 'MYC', -0.33135168852201785)
('MLPH', 'NAT1', 0.5506467520864397)
('MLPH', 'NDC80', -0.40740069055882633)
('MLPH', 'NUF2', -0.3687156724158452)
('MLPH', 'PGR', 0.3294454637101366)
('MLPH', 'PHGDH', -0.42857019676458763)
('MLPH', 'RRM2', -0.21855787975435564)
('MLPH', 'SFRP1', -0.4622904755013178)
('MLPH', 'SLC39A6', 0.47300541681608166)
('MLPH', 'TYMS', -0.37274226978560154)
('MLPH', 'UBE2C', -0.3328440310697331)
('MLPH', 'UBE2T', -0.35686533430480327)
('MMP11', 'ACTR3B', -0.2540319777649311)
('MMP11', 'ANLN', 0.20061354482555702)
('MMP11', 'BAG1', -0.09071760774517028)
('MMP11', 'BCL2', -0.0297010762545422)
('MMP11', 'BIRC5', 0.13622533782443644)
('MMP11', 'BLVRA', 0.014964552608831738)
('MMP11', 'CCNB1', 0.1457887632973065)
('MMP11', 'CCNE1', 0.032721814275015665)
('MMP11', 'CDC20', 0.11864373938569418)
('MMP11', 'CDH3', 0.11507223260338845)
('MMP11', 'CENPF', 0.08787699641039093)
('MMP11', 'CEP55', 0.15077511895790546)
('MMP11', 'CXXC5', 0.14420125049250607)
('MMP11', 'EGFR', 0.006783706664477126)
('MMP11', 'ERBB2', 0.20903641833874076)
('MMP11', 'ESR1', -0.04107712347827215)
('MMP11', 'EXO1', 0.17731391179049286)
('MMP11', 'FGFR4', -0.14853911899810715)
('MMP11', 'FOXA1', 0.02056310677596459)
('MMP11', 'FOXC1', 0.008612298761582149)
('MMP11', 'GRB7', 0.21420101389356802)
('MMP11', 'KIF2C', 0.11810190750184307)
('MMP11', 'KRT14', nan)
('MMP11', 'KRT17', 0.18430132531156904)
('MMP11', 'KRT5', nan)
('MMP11', 'MAPT', 0.0600693251773109)
('MMP11', 'MELK', 0.15707674824781762)
('MMP11', 'MKI67', 0.037967060418211546)
('MMP11', 'MLPH', 0.03959668283204913)
('MMP11', 'MMP11', 0.7423379854777042)
('MMP11', 'MYC', 0.03716188293393565)
('MMP11', 'NAT1', 0.03359488763889111)
('MMP11', 'NDC80', 0.08200605932178504)
('MMP11', 'NUF2', -0.017617703526515448)
('MMP11', 'PGR', 0.10376242205126228)
('MMP11', 'PHGDH', -0.038956347354666555)
('MMP11', 'RRM2', 0.10591811132666766)
('MMP11', 'SFRP1', -0.06873180857111728)
('MMP11', 'SLC39A6', 0.00014507013745253708)
('MMP11', 'TYMS', 0.060552185615603986)
('MMP11', 'UBE2C', 0.10771526823276885)
('MMP11', 'UBE2T', 0.07870560029936605)
('MYC', 'ACTR3B', nan)
('MYC', 'ANLN', nan)
('MYC', 'BAG1', nan)
('MYC', 'BCL2', nan)
('MYC', 'BIRC5', nan)
('MYC', 'BLVRA', nan)
('MYC', 'CCNB1', nan)
('MYC', 'CCNE1', nan)
('MYC', 'CDC20', nan)
('MYC', 'CDH3', nan)
('MYC', 'CENPF', nan)
('MYC', 'CEP55', nan)
('MYC', 'CXXC5', nan)
('MYC', 'EGFR', nan)
('MYC', 'ERBB2', nan)
('MYC', 'ESR1', nan)
('MYC', 'EXO1', nan)
('MYC', 'FGFR4', nan)
('MYC', 'FOXA1', nan)
('MYC', 'FOXC1', nan)
('MYC', 'GRB7', nan)
('MYC', 'KIF2C', nan)
('MYC', 'KRT14', nan)
('MYC', 'KRT17', nan)
('MYC', 'KRT5', nan)
('MYC', 'MAPT', nan)
('MYC', 'MELK', nan)
('MYC', 'MKI67', nan)
('MYC', 'MLPH', nan)
('MYC', 'MMP11', nan)
('MYC', 'MYC', nan)
('MYC', 'NAT1', nan)
('MYC', 'NDC80', nan)
('MYC', 'NUF2', nan)
('MYC', 'PGR', nan)
('MYC', 'PHGDH', nan)
('MYC', 'RRM2', nan)
('MYC', 'SFRP1', nan)
('MYC', 'SLC39A6', nan)
('MYC', 'TYMS', nan)
('MYC', 'UBE2C', nan)
('MYC', 'UBE2T', nan)
('NAT1', 'ACTR3B', -0.3003087611993149)
('NAT1', 'ANLN', -0.27582924911958173)
('NAT1', 'BAG1', 0.2415548324318307)
('NAT1', 'BCL2', 0.480645366561488)
('NAT1', 'BIRC5', -0.36664212294688403)
('NAT1', 'BLVRA', 0.24456207906342897)
('NAT1', 'CCNB1', -0.14768313020794913)
('NAT1', 'CCNE1', -0.4450039928733452)
('NAT1', 'CDC20', -0.4197753475517218)
('NAT1', 'CDH3', -0.42208629831900796)
('NAT1', 'CENPF', -0.17237730914935426)
('NAT1', 'CEP55', -0.2839126254429938)
('NAT1', 'CXXC5', 0.5428728552630482)
('NAT1', 'EGFR', -0.24251723620879326)
('NAT1', 'ERBB2', 0.11555947892868369)
('NAT1', 'ESR1', 0.5599419005940571)
('NAT1', 'EXO1', -0.23962621142971638)
('NAT1', 'FGFR4', -0.29570488815868673)
('NAT1', 'FOXA1', 0.43120050825304296)
('NAT1', 'FOXC1', -0.40470977834485977)
('NAT1', 'GRB7', -0.028941322324673106)
('NAT1', 'KIF2C', -0.3485142535144669)
('NAT1', 'KRT14', nan)
('NAT1', 'KRT17', -0.2249088975842151)
('NAT1', 'KRT5', nan)
('NAT1', 'MAPT', 0.4894166960196891)
('NAT1', 'MELK', -0.3163070423209964)
('NAT1', 'MKI67', -0.15152048457824607)
('NAT1', 'MLPH', 0.4177626119933535)
('NAT1', 'MMP11', 0.11185299235991569)
('NAT1', 'MYC', -0.09240660267924573)
('NAT1', 'NAT1', 0.7909502979835682)
('NAT1', 'NDC80', -0.29004579766725164)
('NAT1', 'NUF2', -0.05507630877971373)
('NAT1', 'PGR', 0.533356642311036)
('NAT1', 'PHGDH', -0.27288526329049995)
('NAT1', 'RRM2', -0.1409097993394477)
('NAT1', 'SFRP1', -0.262774062680222)
('NAT1', 'SLC39A6', 0.5138932399861206)
('NAT1', 'TYMS', -0.25637844179612884)
('NAT1', 'UBE2C', -0.331482236598631)
('NAT1', 'UBE2T', -0.2146915444272355)
('NDC80', 'ACTR3B', nan)
('NDC80', 'ANLN', nan)
('NDC80', 'BAG1', nan)
('NDC80', 'BCL2', nan)
('NDC80', 'BIRC5', nan)
('NDC80', 'BLVRA', nan)
('NDC80', 'CCNB1', nan)
('NDC80', 'CCNE1', nan)
('NDC80', 'CDC20', nan)
('NDC80', 'CDH3', nan)
('NDC80', 'CENPF', nan)
('NDC80', 'CEP55', nan)
('NDC80', 'CXXC5', nan)
('NDC80', 'EGFR', nan)
('NDC80', 'ERBB2', nan)
('NDC80', 'ESR1', nan)
('NDC80', 'EXO1', nan)
('NDC80', 'FGFR4', nan)
('NDC80', 'FOXA1', nan)
('NDC80', 'FOXC1', nan)
('NDC80', 'GRB7', nan)
('NDC80', 'KIF2C', nan)
('NDC80', 'KRT14', nan)
('NDC80', 'KRT17', nan)
('NDC80', 'KRT5', nan)
('NDC80', 'MAPT', nan)
('NDC80', 'MELK', nan)
('NDC80', 'MKI67', nan)
('NDC80', 'MLPH', nan)
('NDC80', 'MMP11', nan)
('NDC80', 'MYC', nan)
('NDC80', 'NAT1', nan)
('NDC80', 'NDC80', nan)
('NDC80', 'NUF2', nan)
('NDC80', 'PGR', nan)
('NDC80', 'PHGDH', nan)
('NDC80', 'RRM2', nan)
('NDC80', 'SFRP1', nan)
('NDC80', 'SLC39A6', nan)
('NDC80', 'TYMS', nan)
('NDC80', 'UBE2C', nan)
('NDC80', 'UBE2T', nan)
('NUF2', 'ACTR3B', nan)
('NUF2', 'ANLN', nan)
('NUF2', 'BAG1', nan)
('NUF2', 'BCL2', nan)
('NUF2', 'BIRC5', nan)
('NUF2', 'BLVRA', nan)
('NUF2', 'CCNB1', nan)
('NUF2', 'CCNE1', nan)
('NUF2', 'CDC20', nan)
('NUF2', 'CDH3', nan)
('NUF2', 'CENPF', nan)
('NUF2', 'CEP55', nan)
('NUF2', 'CXXC5', nan)
('NUF2', 'EGFR', nan)
('NUF2', 'ERBB2', nan)
('NUF2', 'ESR1', nan)
('NUF2', 'EXO1', nan)
('NUF2', 'FGFR4', nan)
('NUF2', 'FOXA1', nan)
('NUF2', 'FOXC1', nan)
('NUF2', 'GRB7', nan)
('NUF2', 'KIF2C', nan)
('NUF2', 'KRT14', nan)
('NUF2', 'KRT17', nan)
('NUF2', 'KRT5', nan)
('NUF2', 'MAPT', nan)
('NUF2', 'MELK', nan)
('NUF2', 'MKI67', nan)
('NUF2', 'MLPH', nan)
('NUF2', 'MMP11', nan)
('NUF2', 'MYC', nan)
('NUF2', 'NAT1', nan)
('NUF2', 'NDC80', nan)
('NUF2', 'NUF2', nan)
('NUF2', 'PGR', nan)
('NUF2', 'PHGDH', nan)
('NUF2', 'RRM2', nan)
('NUF2', 'SFRP1', nan)
('NUF2', 'SLC39A6', nan)
('NUF2', 'TYMS', nan)
('NUF2', 'UBE2C', nan)
('NUF2', 'UBE2T', nan)
('PGR', 'ACTR3B', -0.1530111890671286)
('PGR', 'ANLN', -0.36530557330568936)
('PGR', 'BAG1', 0.2881864000579998)
('PGR', 'BCL2', 0.4370208554027905)
('PGR', 'BIRC5', -0.30477013592753555)
('PGR', 'BLVRA', 0.2071457523093811)
('PGR', 'CCNB1', -0.11787492618921519)
('PGR', 'CCNE1', -0.48598508831698983)
('PGR', 'CDC20', -0.3293847112256344)
('PGR', 'CDH3', -0.3682153175780117)
('PGR', 'CENPF', -0.24290403311288866)
('PGR', 'CEP55', -0.4041342428704494)
('PGR', 'CXXC5', 0.40856158830588396)
('PGR', 'EGFR', -0.42763543801743503)
('PGR', 'ERBB2', -0.0838743904702971)
('PGR', 'ESR1', 0.5481080059895054)
('PGR', 'EXO1', -0.3355003537156108)
('PGR', 'FGFR4', -0.4508822147344218)
('PGR', 'FOXA1', 0.34954113038865986)
('PGR', 'FOXC1', -0.3818587792571847)
('PGR', 'GRB7', -0.17713217485547872)
('PGR', 'KIF2C', -0.30199737046158565)
('PGR', 'KRT14', nan)
('PGR', 'KRT17', -0.30796582886208607)
('PGR', 'KRT5', nan)
('PGR', 'MAPT', 0.5713765474836671)
('PGR', 'MELK', -0.4207754612305867)
('PGR', 'MKI67', -0.35465830660320863)
('PGR', 'MLPH', 0.38399080710431643)
('PGR', 'MMP11', 0.046593955036750484)
('PGR', 'MYC', -0.023659566117140634)
('PGR', 'NAT1', 0.43766432822575146)
('PGR', 'NDC80', -0.22519308429327176)
('PGR', 'NUF2', -0.0975176150126908)
('PGR', 'PGR', 0.7245474276717159)
('PGR', 'PHGDH', -0.2774483468912069)
('PGR', 'RRM2', -0.37569141484506563)
('PGR', 'SFRP1', -0.2961225264140335)
('PGR', 'SLC39A6', 0.45351123242780583)
('PGR', 'TYMS', -0.15100846011181213)
('PGR', 'UBE2C', -0.3151496650272009)
('PGR', 'UBE2T', -0.1674106476818831)
('PHGDH', 'ACTR3B', 0.42525050491010435)
('PHGDH', 'ANLN', 0.5010103506049551)
('PHGDH', 'BAG1', -0.20122291197331096)
('PHGDH', 'BCL2', -0.5184544896181705)
('PHGDH', 'BIRC5', 0.4372559242464493)
('PHGDH', 'BLVRA', -0.44757323477370714)
('PHGDH', 'CCNB1', 0.3536372285105025)
('PHGDH', 'CCNE1', 0.46093185813336435)
('PHGDH', 'CDC20', 0.5099063757654968)
('PHGDH', 'CDH3', 0.3804310127455615)
('PHGDH', 'CENPF', 0.4701839691224409)
('PHGDH', 'CEP55', 0.4996187580884685)
('PHGDH', 'CXXC5', -0.4425859806570611)
('PHGDH', 'EGFR', 0.4225151773025692)
('PHGDH', 'ERBB2', -0.003910026075198245)
('PHGDH', 'ESR1', -0.5125267595520373)
('PHGDH', 'EXO1', 0.5302623979692201)
('PHGDH', 'FGFR4', 0.0991358402113687)
('PHGDH', 'FOXA1', -0.44267208606767117)
('PHGDH', 'FOXC1', 0.4310164598900169)
('PHGDH', 'GRB7', 0.14415541958931494)
('PHGDH', 'KIF2C', 0.5083474270404681)
('PHGDH', 'KRT14', nan)
('PHGDH', 'KRT17', 0.3125546373396964)
('PHGDH', 'KRT5', nan)
('PHGDH', 'MAPT', -0.39803610588921723)
('PHGDH', 'MELK', 0.4557466435881765)
('PHGDH', 'MKI67', 0.47694348632148953)
('PHGDH', 'MLPH', -0.3974779461695012)
('PHGDH', 'MMP11', -0.05032116851293706)
('PHGDH', 'MYC', 0.07076647326459531)
('PHGDH', 'NAT1', -0.3534243844425236)
('PHGDH', 'NDC80', 0.4468353930724282)
('PHGDH', 'NUF2', 0.3125872646867613)
('PHGDH', 'PGR', -0.36468793860685456)
('PHGDH', 'PHGDH', 0.8252091394734125)
('PHGDH', 'RRM2', 0.38011402836401187)
('PHGDH', 'SFRP1', 0.39644543164791696)
('PHGDH', 'SLC39A6', -0.3044222662798972)
('PHGDH', 'TYMS', 0.338451826727626)
('PHGDH', 'UBE2C', 0.36942171428790377)
('PHGDH', 'UBE2T', 0.4294908175975895)
('RRM2', 'ACTR3B', -0.020773540383417787)
('RRM2', 'ANLN', 0.5818360802562714)
('RRM2', 'BAG1', -0.105810729125767)
('RRM2', 'BCL2', -0.173325397810762)
('RRM2', 'BIRC5', 0.5546376573586997)
('RRM2', 'BLVRA', 0.17800036815957837)
('RRM2', 'CCNB1', 0.6242856222454322)
('RRM2', 'CCNE1', 0.25745024225799007)
('RRM2', 'CDC20', 0.4365128923765892)
('RRM2', 'CDH3', 0.06935014140950495)
('RRM2', 'CENPF', 0.49016324970014014)
('RRM2', 'CEP55', 0.5518770795349331)
('RRM2', 'CXXC5', 0.07136184116031094)
('RRM2', 'EGFR', -0.04089195236794677)
('RRM2', 'ERBB2', 0.18008242244421302)
('RRM2', 'ESR1', -0.021978099847620572)
('RRM2', 'EXO1', 0.5746079840187289)
('RRM2', 'FGFR4', 0.22024838917310713)
('RRM2', 'FOXA1', 0.027027248934629492)
('RRM2', 'FOXC1', -0.11189337530819965)
('RRM2', 'GRB7', 0.17279770056368549)
('RRM2', 'KIF2C', 0.589988564365437)
('RRM2', 'KRT14', nan)
('RRM2', 'KRT17', 0.044963050515353514)
('RRM2', 'KRT5', nan)
('RRM2', 'MAPT', -0.1276701944028808)
('RRM2', 'MELK', 0.48333502963232405)
('RRM2', 'MKI67', 0.4687397063381043)
('RRM2', 'MLPH', 0.0170643742042171)
('RRM2', 'MMP11', 0.062439424818558915)
('RRM2', 'MYC', 0.09058745768321232)
('RRM2', 'NAT1', 0.12044408944843453)
('RRM2', 'NDC80', 0.44217506902477394)
('RRM2', 'NUF2', 0.3524506284103193)
('RRM2', 'PGR', -0.14190512060840976)
('RRM2', 'PHGDH', 0.256180232404464)
('RRM2', 'RRM2', 0.7520442569765033)
('RRM2', 'SFRP1', -0.1667156422905176)
('RRM2', 'SLC39A6', 0.08831973306036553)
('RRM2', 'TYMS', 0.36005157070742017)
('RRM2', 'UBE2C', 0.5559966266283846)
('RRM2', 'UBE2T', 0.5138334719293313)
('SFRP1', 'ACTR3B', 0.4151356735671661)
('SFRP1', 'ANLN', 0.26385792576613953)
('SFRP1', 'BAG1', 0.02546148808612571)
('SFRP1', 'BCL2', -0.27849749599895784)
('SFRP1', 'BIRC5', 0.16520700265875887)
('SFRP1', 'BLVRA', -0.4315328078633063)
('SFRP1', 'CCNB1', 0.035020324823098255)
('SFRP1', 'CCNE1', 0.42616368305586005)
('SFRP1', 'CDC20', 0.28135442128225324)
('SFRP1', 'CDH3', 0.47291364080387327)
('SFRP1', 'CENPF', 0.2221648147331906)
('SFRP1', 'CEP55', 0.21399199165352978)
('SFRP1', 'CXXC5', -0.49044553466694063)
('SFRP1', 'EGFR', 0.44448572832369715)
('SFRP1', 'ERBB2', -0.10892628293740225)
('SFRP1', 'ESR1', -0.5050828991648479)
('SFRP1', 'EXO1', 0.14302976807270046)
('SFRP1', 'FGFR4', -0.13461393057120313)
('SFRP1', 'FOXA1', -0.6266450564132404)
('SFRP1', 'FOXC1', 0.6247619677599136)
('SFRP1', 'GRB7', 0.028582171134636358)
('SFRP1', 'KIF2C', 0.18009542701146394)
('SFRP1', 'KRT14', nan)
('SFRP1', 'KRT17', 0.5469101135639516)
('SFRP1', 'KRT5', nan)
('SFRP1', 'MAPT', -0.3035802327006155)
('SFRP1', 'MELK', 0.2665620183107675)
('SFRP1', 'MKI67', 0.15378011624236804)
('SFRP1', 'MLPH', -0.5045978632876811)
('SFRP1', 'MMP11', -0.08728058805532535)
('SFRP1', 'MYC', 0.3230953503236028)
('SFRP1', 'NAT1', -0.366699184435462)
('SFRP1', 'NDC80', 0.2325475192366195)
('SFRP1', 'NUF2', 0.11467755465107178)
('SFRP1', 'PGR', -0.25118642338281766)
('SFRP1', 'PHGDH', 0.3084475817115897)
('SFRP1', 'RRM2', 0.032900168907408524)
('SFRP1', 'SFRP1', 0.7292561528430964)
('SFRP1', 'SLC39A6', -0.2179568788122391)
('SFRP1', 'TYMS', 0.21379972016142323)
('SFRP1', 'UBE2C', 0.060011219136892155)
('SFRP1', 'UBE2T', 0.1264570359265063)
('SLC39A6', 'ACTR3B', nan)
('SLC39A6', 'ANLN', nan)
('SLC39A6', 'BAG1', nan)
('SLC39A6', 'BCL2', nan)
('SLC39A6', 'BIRC5', nan)
('SLC39A6', 'BLVRA', nan)
('SLC39A6', 'CCNB1', nan)
('SLC39A6', 'CCNE1', nan)
('SLC39A6', 'CDC20', nan)
('SLC39A6', 'CDH3', nan)
('SLC39A6', 'CENPF', nan)
('SLC39A6', 'CEP55', nan)
('SLC39A6', 'CXXC5', nan)
('SLC39A6', 'EGFR', nan)
('SLC39A6', 'ERBB2', nan)
('SLC39A6', 'ESR1', nan)
('SLC39A6', 'EXO1', nan)
('SLC39A6', 'FGFR4', nan)
('SLC39A6', 'FOXA1', nan)
('SLC39A6', 'FOXC1', nan)
('SLC39A6', 'GRB7', nan)
('SLC39A6', 'KIF2C', nan)
('SLC39A6', 'KRT14', nan)
('SLC39A6', 'KRT17', nan)
('SLC39A6', 'KRT5', nan)
('SLC39A6', 'MAPT', nan)
('SLC39A6', 'MELK', nan)
('SLC39A6', 'MKI67', nan)
('SLC39A6', 'MLPH', nan)
('SLC39A6', 'MMP11', nan)
('SLC39A6', 'MYC', nan)
('SLC39A6', 'NAT1', nan)
('SLC39A6', 'NDC80', nan)
('SLC39A6', 'NUF2', nan)
('SLC39A6', 'PGR', nan)
('SLC39A6', 'PHGDH', nan)
('SLC39A6', 'RRM2', nan)
('SLC39A6', 'SFRP1', nan)
('SLC39A6', 'SLC39A6', nan)
('SLC39A6', 'TYMS', nan)
('SLC39A6', 'UBE2C', nan)
('SLC39A6', 'UBE2T', nan)
('TYMS', 'ACTR3B', nan)
('TYMS', 'ANLN', nan)
('TYMS', 'BAG1', nan)
('TYMS', 'BCL2', nan)
('TYMS', 'BIRC5', nan)
('TYMS', 'BLVRA', nan)
('TYMS', 'CCNB1', nan)
('TYMS', 'CCNE1', nan)
('TYMS', 'CDC20', nan)
('TYMS', 'CDH3', nan)
('TYMS', 'CENPF', nan)
('TYMS', 'CEP55', nan)
('TYMS', 'CXXC5', nan)
('TYMS', 'EGFR', nan)
('TYMS', 'ERBB2', nan)
('TYMS', 'ESR1', nan)
('TYMS', 'EXO1', nan)
('TYMS', 'FGFR4', nan)
('TYMS', 'FOXA1', nan)
('TYMS', 'FOXC1', nan)
('TYMS', 'GRB7', nan)
('TYMS', 'KIF2C', nan)
('TYMS', 'KRT14', nan)
('TYMS', 'KRT17', nan)
('TYMS', 'KRT5', nan)
('TYMS', 'MAPT', nan)
('TYMS', 'MELK', nan)
('TYMS', 'MKI67', nan)
('TYMS', 'MLPH', nan)
('TYMS', 'MMP11', nan)
('TYMS', 'MYC', nan)
('TYMS', 'NAT1', nan)
('TYMS', 'NDC80', nan)
('TYMS', 'NUF2', nan)
('TYMS', 'PGR', nan)
('TYMS', 'PHGDH', nan)
('TYMS', 'RRM2', nan)
('TYMS', 'SFRP1', nan)
('TYMS', 'SLC39A6', nan)
('TYMS', 'TYMS', nan)
('TYMS', 'UBE2C', nan)
('TYMS', 'UBE2T', nan)
('UBE2C', 'ACTR3B', 0.1435497190072291)
('UBE2C', 'ANLN', 0.6369727067906885)
('UBE2C', 'BAG1', -0.17571591814836715)
('UBE2C', 'BCL2', -0.2610817443693687)
('UBE2C', 'BIRC5', 0.5539290079965421)
('UBE2C', 'BLVRA', -0.038741979680306245)
('UBE2C', 'CCNB1', 0.6865291931808974)
('UBE2C', 'CCNE1', 0.3842896848937392)
('UBE2C', 'CDC20', 0.5660935984410461)
('UBE2C', 'CDH3', 0.24362341169302715)
('UBE2C', 'CENPF', 0.6793796330215925)
('UBE2C', 'CEP55', 0.630814914409359)
('UBE2C', 'CXXC5', -0.11308029969182648)
('UBE2C', 'EGFR', 0.08348466741932668)
('UBE2C', 'ERBB2', 0.10794282377408121)
('UBE2C', 'ESR1', -0.11950012955643939)
('UBE2C', 'EXO1', 0.6769413552753084)
('UBE2C', 'FGFR4', 0.25547723983256987)
('UBE2C', 'FOXA1', -0.09495674599224456)
('UBE2C', 'FOXC1', 0.05055429726138689)
('UBE2C', 'GRB7', 0.1467509492895292)
('UBE2C', 'KIF2C', 0.6589028720457846)
('UBE2C', 'KRT14', nan)
('UBE2C', 'KRT17', 0.05798947581157555)
('UBE2C', 'KRT5', nan)
('UBE2C', 'MAPT', -0.20892270354161993)
('UBE2C', 'MELK', 0.4986034260889083)
('UBE2C', 'MKI67', 0.5669168110522709)
('UBE2C', 'MLPH', -0.18159115565613168)
('UBE2C', 'MMP11', 0.026381441499786898)
('UBE2C', 'MYC', 0.13381518003747317)
('UBE2C', 'NAT1', -0.010663540119700636)
('UBE2C', 'NDC80', 0.5037614079093853)
('UBE2C', 'NUF2', 0.47899526205772475)
('UBE2C', 'PGR', -0.13996709567578308)
('UBE2C', 'PHGDH', 0.3232601591432915)
('UBE2C', 'RRM2', 0.5809348118908515)
('UBE2C', 'SFRP1', -0.10543689976867437)
('UBE2C', 'SLC39A6', -0.05097829418958911)
('UBE2C', 'TYMS', 0.536908886214446)
('UBE2C', 'UBE2C', 0.7216545293965885)
('UBE2C', 'UBE2T', 0.6330012637099459)
('UBE2T', 'ACTR3B', 0.3141524893613898)
('UBE2T', 'ANLN', 0.5466075191305215)
('UBE2T', 'BAG1', -0.12391352295346586)
('UBE2T', 'BCL2', -0.205585849556458)
('UBE2T', 'BIRC5', 0.4625070673860607)
('UBE2T', 'BLVRA', -0.054475566414367196)
('UBE2T', 'CCNB1', 0.5865499264876904)
('UBE2T', 'CCNE1', 0.37672816251475894)
('UBE2T', 'CDC20', 0.4353553986422167)
('UBE2T', 'CDH3', 0.2561403675283374)
('UBE2T', 'CENPF', 0.6604252058541397)
('UBE2T', 'CEP55', 0.5317279752283115)
('UBE2T', 'CXXC5', -0.26692488038526074)
('UBE2T', 'EGFR', 0.19582800748528104)
('UBE2T', 'ERBB2', 0.07677799540944556)
('UBE2T', 'ESR1', -0.12050110437593933)
('UBE2T', 'EXO1', 0.5693269214130496)
('UBE2T', 'FGFR4', 0.08337358352849969)
('UBE2T', 'FOXA1', -0.16611151821361256)
('UBE2T', 'FOXC1', 0.1314426315702089)
('UBE2T', 'GRB7', 0.12919960381479426)
('UBE2T', 'KIF2C', 0.519447468615677)
('UBE2T', 'KRT14', nan)
('UBE2T', 'KRT17', 0.14599938387705427)
('UBE2T', 'KRT5', nan)
('UBE2T', 'MAPT', -0.1319108752664358)
('UBE2T', 'MELK', 0.4283794260264822)
('UBE2T', 'MKI67', 0.4138807005161994)
('UBE2T', 'MLPH', -0.23064265243534346)
('UBE2T', 'MMP11', -0.07816918521249017)
('UBE2T', 'MYC', 0.23838910748120293)
('UBE2T', 'NAT1', 0.025934825963321743)
('UBE2T', 'NDC80', 0.5050583531837913)
('UBE2T', 'NUF2', 0.5084698872099536)
('UBE2T', 'PGR', -0.08131087882607274)
('UBE2T', 'PHGDH', 0.237305404249066)
('UBE2T', 'RRM2', 0.403282086703771)
('UBE2T', 'SFRP1', 0.08923562938288725)
('UBE2T', 'SLC39A6', 0.0011202444915914076)
('UBE2T', 'TYMS', 0.3987598811806055)
('UBE2T', 'UBE2C', 0.5458436948235557)
('UBE2T', 'UBE2T', 0.7372517840174713)
